province,district,rural/urban,sexname,total,can read & write,can read only,cant read & write,not stated,literacy rate
nepal,nepal,Total(Urban+Rural),Total(Male+Female),26725295,20377980,114331,6223061,9923,76.6775857853019
nepal,nepal,Total(Urban+Rural),Male,12963026,10830886,43921,2083529,4690,83.8909603359586
nepal,nepal,Total(Urban+Rural),Female,13762269,9547094,70410,4139532,5233,69.88312755694574
province-1,province - 1,Total(Urban+Rural),Total(Male+Female),4578440,3648225,11469,918528,218,79.93320869116992
province-1,province - 1,Total(Urban+Rural),Male,2218709,1910756,4793,303064,96,86.33619821256416
province-1,province - 1,Total(Urban+Rural),Female,2359731,1737469,6676,615464,122,73.91287396741409
province-1,taplejung,Total(Urban+Rural),Total(Male+Female),110370,90733,341,19295,1,82.51698831204132
province-1,taplejung,Total(Urban+Rural),Male,55530,48965,162,6403,0,88.469295876103
province-1,taplejung,Total(Urban+Rural),Female,54840,41768,179,12892,1,76.48978847556528
province-1,taplejung,Rural,Total(Male+Female),83122,67042,292,15787,1,81.00623180385458
province-1,taplejung,Rural,Male,41684,36208,140,5336,0,87.19892524709721
province-1,taplejung,Rural,Female,41438,30834,152,10451,1,74.77677494087553
province-1,taplejung,Urban,Total(Male+Female),27248,23691,49,3508,0,87.12566059894304
province-1,taplejung,Urban,Male,13846,12757,22,1067,0,92.29380326448072
province-1,taplejung,Urban,Female,13402,10934,27,2441,0,81.7863005521564
province-1,sankhuwasabha,Total(Urban+Rural),Total(Male+Female),146105,116449,279,29368,9,79.89322747339243
province-1,sankhuwasabha,Total(Urban+Rural),Male,73380,63403,130,9840,7,86.58081221041155
province-1,sankhuwasabha,Total(Urban+Rural),Female,72725,53046,149,19528,2,73.14541079408731
province-1,sankhuwasabha,Rural,Total(Male+Female),42986,32771,64,10145,6,76.38533476015446
province-1,sankhuwasabha,Rural,Male,21674,17931,37,3701,5,82.9011719110455
province-1,sankhuwasabha,Rural,Female,21312,14840,27,6444,1,69.75882132132132
province-1,sankhuwasabha,Urban,Total(Male+Female),103119,83678,215,19223,3,81.35552129093571
province-1,sankhuwasabha,Urban,Male,51706,45472,93,6139,2,88.12323521448188
province-1,sankhuwasabha,Urban,Female,51413,38206,122,13084,1,74.5492385194406
province-1,solukhumbu,Total(Urban+Rural),Total(Male+Female),96528,74274,487,21765,2,77.45006630200564
province-1,solukhumbu,Total(Urban+Rural),Male,48441,40842,213,7386,0,84.75258561961975
province-1,solukhumbu,Total(Urban+Rural),Female,48087,33432,274,14379,2,70.09378834196353
province-1,solukhumbu,Rural,Total(Male+Female),71065,53958,364,16742,1,76.43987898402871
province-1,solukhumbu,Rural,Male,35375,29361,166,5848,0,83.46855123674911
province-1,solukhumbu,Rural,Female,35690,24597,198,10894,1,69.473241804427
province-1,solukhumbu,Urban,Total(Male+Female),25463,20316,123,5023,1,80.26941051722106
province-1,solukhumbu,Urban,Male,13066,11481,47,1538,0,88.22899127506506
province-1,solukhumbu,Urban,Female,12397,8835,76,3485,1,71.88029361942405
province-1,okhaldhunga,Total(Urban+Rural),Total(Male+Female),129593,95752,339,33498,4,74.14829504680037
province-1,okhaldhunga,Total(Urban+Rural),Male,62954,51373,129,11450,2,81.80893986085078
province-1,okhaldhunga,Total(Urban+Rural),Female,66639,44379,210,22048,2,66.91126817629316
province-1,okhaldhunga,Rural,Total(Male+Female),103459,75739,205,27512,3,73.40492368957752
province-1,okhaldhunga,Rural,Male,50278,40614,94,9568,2,80.96582998528183
province-1,okhaldhunga,Rural,Female,53181,35125,111,17944,1,66.25674583027774
province-1,okhaldhunga,Urban,Total(Male+Female),26134,20013,134,5986,1,77.09114563403995
province-1,okhaldhunga,Urban,Male,12676,10759,35,1882,0,85.153045124645
province-1,okhaldhunga,Urban,Female,13458,9254,99,4104,1,69.49769653737555
province-1,khotang,Total(Urban+Rural),Total(Male+Female),160882,122248,511,38120,3,76.30375057495556
province-1,khotang,Total(Urban+Rural),Male,79196,66242,242,12711,1,83.94868427698368
province-1,khotang,Total(Urban+Rural),Female,81686,56006,269,25409,2,68.89185417329774
province-1,khotang,Rural,Total(Male+Female),95359,71466,346,23545,2,75.30699776633564
province-1,khotang,Rural,Male,46879,38863,162,7853,1,83.24622965506944
province-1,khotang,Rural,Female,48480,32603,184,15692,1,67.62995049504951
province-1,khotang,Urban,Total(Male+Female),65523,50782,165,14575,1,77.7543763258703
province-1,khotang,Urban,Male,32317,27379,80,4858,0,84.96766407772999
province-1,khotang,Urban,Female,33206,23403,85,9717,1,70.7342046618081
province-1,bhojpur,Total(Urban+Rural),Total(Male+Female),145695,114914,886,29890,5,79.48110779367858
province-1,bhojpur,Total(Urban+Rural),Male,71909,61905,354,9648,2,86.58026116341487
province-1,bhojpur,Total(Urban+Rural),Female,73786,53009,532,20242,3,72.56254574038435
province-1,bhojpur,Urban,Total(Male+Female),52227,42380,310,9533,4,81.73933023148946
province-1,bhojpur,Urban,Male,26081,23005,134,2940,2,88.71975767800315
province-1,bhojpur,Urban,Female,26146,19375,176,6593,2,74.77625640633366
province-1,bhojpur,Rural,Total(Male+Female),93468,72534,576,20357,1,78.21928360508409
province-1,bhojpur,Rural,Male,45828,38900,220,6708,0,85.36266038229903
province-1,bhojpur,Rural,Female,47640,33634,356,13649,1,71.34760705289672
province-1,dhankuta,Total(Urban+Rural),Total(Male+Female),139893,113816,474,25596,7,81.69815501847842
province-1,dhankuta,Total(Urban+Rural),Male,68325,60248,179,7895,3,88.4405415294548
province-1,dhankuta,Total(Urban+Rural),Female,71568,53568,295,17701,4,75.26128996199418
province-1,dhankuta,Urban,Total(Male+Female),73695,60570,179,12940,6,82.4330008820137
province-1,dhankuta,Urban,Male,36192,32399,65,3726,2,89.69938107869142
province-1,dhankuta,Urban,Female,37503,28171,114,9214,4,75.42063301602539
province-1,dhankuta,Rural,Total(Male+Female),66198,53246,295,12656,1,80.8800870116922
province-1,dhankuta,Rural,Male,32133,27849,114,4169,1,87.02268695733359
province-1,dhankuta,Rural,Female,34065,25397,181,8487,0,75.08586525759577
province-1,terhathum,Total(Urban+Rural),Total(Male+Female),81982,67178,268,14531,5,82.26927862213657
province-1,terhathum,Total(Urban+Rural),Male,40046,35742,120,4180,4,89.55201518254007
province-1,terhathum,Total(Urban+Rural),Female,41936,31436,148,10351,1,75.31476535673407
province-1,terhathum,Rural,Total(Male+Female),49985,40292,170,9520,3,80.9482844853456
province-1,terhathum,Rural,Male,24416,21455,79,2880,2,88.19626474442988
province-1,terhathum,Rural,Female,25569,18837,91,6640,1,74.02714224255935
province-1,terhathum,Urban,Total(Male+Female),31997,26886,98,5011,2,84.33290620995719
province-1,terhathum,Urban,Male,15630,14287,41,1300,2,91.66986564299424
province-1,terhathum,Urban,Female,16367,12599,57,3711,0,77.32632736604143
province-1,panchthar,Total(Urban+Rural),Total(Male+Female),158424,130362,305,27748,9,82.47929606625259
province-1,panchthar,Total(Urban+Rural),Male,78552,69656,129,8763,4,88.8392402484978
province-1,panchthar,Total(Urban+Rural),Female,79872,60706,176,18985,5,76.22445913461539
province-1,panchthar,Rural,Total(Male+Female),112508,91718,176,20609,5,81.67774736018772
province-1,panchthar,Rural,Male,55580,48980,74,6523,3,88.25836631881971
province-1,panchthar,Rural,Female,56928,42738,102,14086,2,75.25295109612141
province-1,panchthar,Urban,Total(Male+Female),45916,38644,129,7139,4,84.44333130063595
province-1,panchthar,Urban,Male,22972,20676,55,2240,1,90.2446456555807
province-1,panchthar,Urban,Female,22944,17968,74,4899,3,78.63493723849372
province-1,ilam,Total(Urban+Rural),Total(Male+Female),261492,218008,586,42894,4,83.59490921328377
province-1,ilam,Total(Urban+Rural),Male,130192,115427,260,14504,1,88.85876244316087
province-1,ilam,Total(Urban+Rural),Female,131300,102581,326,28390,3,78.37547600913938
province-1,ilam,Rural,Total(Male+Female),104160,85201,291,18667,1,82.07757296466974
province-1,ilam,Rural,Male,52085,45479,126,6480,0,87.55879811846022
province-1,ilam,Rural,Female,52075,39722,165,12187,1,76.59529524723956
province-1,ilam,Urban,Total(Male+Female),157332,132807,295,24227,3,84.5994457580149
province-1,ilam,Urban,Male,78107,69948,134,8024,1,89.72563278579385
province-1,ilam,Urban,Female,79225,62859,161,16203,2,79.54559798043547
province-1,jhapa,Total(Urban+Rural),Total(Male+Female),925015,766219,2450,156299,47,83.09800381615433
province-1,jhapa,Total(Urban+Rural),Male,440501,390143,1043,49299,16,88.80479272464761
province-1,jhapa,Total(Urban+Rural),Female,484514,376076,1407,107000,31,77.9096166467842
province-1,jhapa,Urban,Total(Male+Female),655210,552131,1899,101149,31,84.55762274690557
province-1,jhapa,Urban,Male,313070,280447,788,31824,11,89.83134762193758
province-1,jhapa,Urban,Female,342140,271684,1111,69325,20,79.73198106038464
province-1,jhapa,Rural,Total(Male+Female),269805,214088,551,55150,16,79.55338114564222
province-1,jhapa,Rural,Male,127431,109696,255,17475,5,86.28277263774122
province-1,jhapa,Rural,Female,142374,104392,296,37675,11,73.53027940494754
province-1,morang,Total(Urban+Rural),Total(Male+Female),1287608,1023579,2567,261345,117,79.69397518499419
province-1,morang,Total(Urban+Rural),Male,625201,536557,1070,87518,56,85.99266475901351
province-1,morang,Total(Urban+Rural),Female,662407,487022,1497,173827,61,73.74906968072499
province-1,morang,Rural,Total(Male+Female),312199,231329,570,80265,35,74.27922575024265
province-1,morang,Rural,Male,151787,123273,257,28240,17,81.38378121973555
province-1,morang,Rural,Female,160412,108056,313,52025,18,67.55666658354737
province-1,morang,Urban,Total(Male+Female),521263,412558,1149,107522,34,79.36627000189922
province-1,morang,Urban,Male,247150,211748,483,34904,15,85.87133319846248
province-1,morang,Urban,Female,274113,200810,666,72618,19,73.50107437443681
province-1,sunsari,Total(Urban+Rural),Total(Male+Female),1188521,955987,2447,230060,27,80.64089738422796
province-1,sunsari,Total(Urban+Rural),Male,567283,491513,909,74850,11,86.80358833245488
province-1,sunsari,Total(Urban+Rural),Female,621238,464474,1538,155210,16,75.01344090348626
province-1,sunsari,Urban,Total(Male+Female),276330,211167,506,64650,7,76.6015271595556
province-1,sunsari,Urban,Male,134341,112753,210,21375,3,84.08676427896175
province-1,sunsari,Urban,Female,141989,98414,296,43275,4,69.5194698180845
province-1,sunsari,Rural,Total(Male+Female),233021,158840,309,73862,10,68.29813621948236
province-1,sunsari,Rural,Male,114896,86646,139,28107,4,75.53352597131318
province-1,sunsari,Rural,Female,118125,72194,170,45755,6,61.260529100529105
province-1,udayapur,Total(Urban+Rural),Total(Male+Female),312990,241542,769,70672,7,77.41812837470846
province-1,udayapur,Total(Urban+Rural),Male,149354,125565,298,23488,3,84.27159634157772
province-1,udayapur,Total(Urban+Rural),Female,163636,115977,471,47184,4,71.16282480627734
province-1,udayapur,Urban,Total(Male+Female),247068,192651,634,53777,6,78.23149902051257
province-1,udayapur,Urban,Male,117129,99374,244,17508,3,85.04981686858079
province-1,udayapur,Urban,Female,129939,93277,390,36269,3,72.08536313193113
province-1,udayapur,Rural,Total(Male+Female),65922,48891,135,16895,1,74.36970965686722
province-1,udayapur,Rural,Male,32225,26191,54,5980,0,81.44297905352987
province-1,udayapur,Rural,Female,33697,22700,81,10915,1,67.60542481526545
madhesh,madhesh,Total(Urban+Rural),Total(Male+Female),5473478,3477413,14231,1981166,668,63.7920532429289
madhesh,madhesh,Total(Urban+Rural),Male,2722401,1972460,6859,742731,351,72.70490276781415
madhesh,madhesh,Total(Urban+Rural),Female,2751077,1504953,7372,1238435,317,54.97210728743689
madhesh,saptari,Total(Urban+Rural),Total(Male+Female),639351,432802,1621,204885,43,67.9474967584316
madhesh,saptari,Total(Urban+Rural),Male,315154,246426,723,67983,22,78.42166052152281
madhesh,saptari,Total(Urban+Rural),Female,324197,186376,898,136902,21,57.7654944370244
madhesh,saptari,Urban,Total(Male+Female),401427,279078,1115,121210,24,69.79924120699404
madhesh,saptari,Urban,Male,197204,157274,499,39417,14,80.00496947323583
madhesh,saptari,Urban,Female,204223,121804,616,81793,10,59.944276599599455
madhesh,saptari,Rural,Total(Male+Female),237924,153724,506,83675,19,64.82322086044283
madhesh,saptari,Rural,Male,117950,89152,224,28566,8,75.77448071216617
madhesh,saptari,Rural,Female,119974,64572,282,55109,11,54.05671228766232
madhesh,siraha,Total(Urban+Rural),Total(Male+Female),660735,430205,1976,228444,110,65.40912771383384
madhesh,siraha,Total(Urban+Rural),Male,320175,239514,905,79701,55,75.08987272585304
madhesh,siraha,Total(Urban+Rural),Female,340560,190691,1071,148743,55,56.30784590086916
madhesh,siraha,Urban,Total(Male+Female),459454,301370,1291,156690,103,65.87405920940942
madhesh,siraha,Urban,Male,222692,166890,585,55166,51,75.20476712230345
madhesh,siraha,Urban,Female,236762,134480,706,101524,52,57.09784509338491
madhesh,siraha,Rural,Total(Male+Female),201281,128835,685,71754,7,64.34785200788947
madhesh,siraha,Rural,Male,97483,72624,320,24535,4,74.82740580408893
madhesh,siraha,Rural,Female,103798,56211,365,47219,3,54.50586716507062
madhesh,dhanusa,Total(Urban+Rural),Total(Male+Female),948877,639038,1802,307880,157,67.53667756727162
madhesh,dhanusa,Total(Urban+Rural),Male,466039,356530,908,108525,76,76.69701462753117
madhesh,dhanusa,Total(Urban+Rural),Female,482838,282508,894,199355,81,58.695048856966515
madhesh,dhanusa,Urban,Total(Male+Female),457993,284288,1111,172513,81,62.3151445546111
madhesh,dhanusa,Urban,Male,220530,158156,581,61751,42,71.9797759941958
madhesh,dhanusa,Urban,Female,237463,126132,530,110762,39,53.339678181443006
madhesh,dhanusa,Rural,Total(Male+Female),137150,83626,287,53201,36,61.18337586584032
madhesh,dhanusa,Rural,Male,65909,46520,135,19238,16,70.7869941889575
madhesh,dhanusa,Rural,Female,71241,37106,152,33963,20,52.298535955418934
madhesh,mahottari,Total(Urban+Rural),Total(Male+Female),631664,377568,1868,252123,105,60.069277337318574
madhesh,mahottari,Total(Urban+Rural),Male,308940,211218,927,96743,52,68.66867352884056
madhesh,mahottari,Total(Urban+Rural),Female,322724,166350,941,155380,53,51.83717356006991
madhesh,mahottari,Urban,Total(Male+Female),468836,284510,1362,182877,87,60.97483981605508
madhesh,mahottari,Urban,Male,228814,158616,674,69480,44,69.6154955553419
madhesh,mahottari,Urban,Female,240022,125894,688,113397,43,52.73766571397622
madhesh,mahottari,Rural,Total(Male+Female),162828,93058,506,69246,18,57.461861596285644
madhesh,mahottari,Rural,Male,80126,52602,253,27263,8,65.96485535281931
madhesh,mahottari,Rural,Female,82702,40456,253,41983,10,49.22371889434355
madhesh,sarlahi,Total(Urban+Rural),Total(Male+Female),775410,467669,1477,306128,136,60.50295972453282
madhesh,sarlahi,Total(Urban+Rural),Male,389149,265511,760,122799,79,68.42391988672719
madhesh,sarlahi,Total(Urban+Rural),Female,386261,202158,717,183329,57,52.522776050390796
madhesh,sarlahi,Urban,Total(Male+Female),540224,341970,1124,197011,119,63.50958121075701
madhesh,sarlahi,Urban,Male,269892,191889,576,77355,72,71.31185807656396
madhesh,sarlahi,Urban,Female,270332,150081,548,119656,47,55.72000355118891
madhesh,sarlahi,Rural,Total(Male+Female),235186,125699,353,109117,17,53.59672769637649
madhesh,sarlahi,Rural,Male,119257,73622,184,45444,7,61.888191049582
madhesh,sarlahi,Rural,Female,115929,52077,169,63673,10,45.06723943103106
madhesh,rautahat,Total(Urban+Rural),Total(Male+Female),716200,413631,2387,300155,27,58.08684724937169
madhesh,rautahat,Total(Urban+Rural),Male,358335,236557,1158,120602,18,66.33876121506411
madhesh,rautahat,Total(Urban+Rural),Female,357865,177074,1229,179553,9,49.824095678537994
madhesh,rautahat,Urban,Total(Male+Female),671316,388462,2322,280508,24,58.21163207788881
madhesh,rautahat,Urban,Male,336085,222168,1132,112770,15,66.44152520939643
madhesh,rautahat,Urban,Female,335231,166294,1190,167738,9,49.96077331750345
madhesh,rautahat,Rural,Total(Male+Female),44884,25169,65,19647,3,56.22047945815881
madhesh,rautahat,Rural,Male,22250,14389,26,7832,3,64.78651685393258
madhesh,rautahat,Rural,Female,22634,10780,39,11815,0,47.79977025713528
madhesh,bara,Total(Urban+Rural),Total(Male+Female),923750,608817,2141,312763,29,66.13889039242218
madhesh,bara,Total(Urban+Rural),Male,469685,349383,1007,119282,13,74.60106241417121
madhesh,bara,Total(Urban+Rural),Female,454065,259434,1134,193481,16,57.385616596742764
madhesh,bara,Urban,Total(Male+Female),221124,140187,426,80503,8,63.59011233516036
madhesh,bara,Urban,Male,111925,80819,201,30902,3,72.38775966048692
madhesh,bara,Urban,Female,109199,59368,225,49601,5,54.572844073663674
madhesh,bara,Rural,Total(Male+Female),226144,135858,563,89716,7,60.3248372718268
madhesh,bara,Rural,Male,116144,80138,248,35754,4,69.21235707397713
madhesh,bara,Rural,Female,110000,55720,315,53962,3,50.940909090909095
madhesh,parsa,Total(Urban+Rural),Total(Male+Female),840390,598047,2351,239863,129,71.44278251764062
madhesh,parsa,Total(Urban+Rural),Male,434564,345342,1142,88008,72,79.73140895242128
madhesh,parsa,Total(Urban+Rural),Female,405826,252705,1209,151855,57,62.56720860664423
madhesh,parsa,Rural,Total(Male+Female),231516,148188,645,82662,21,64.28626963147256
madhesh,parsa,Rural,Male,117004,85684,306,31005,9,73.49321390721684
madhesh,parsa,Rural,Female,114512,62504,339,51657,12,54.87896464999301
madhesh,parsa,Urban,Total(Male+Female),113292,73027,478,39761,26,64.88101542915652
madhesh,parsa,Urban,Male,59496,43896,244,15341,15,74.18986150329434
madhesh,parsa,Urban,Female,53796,29131,234,24420,11,54.58584281359209
bagmati,bagmati,Total(Urban+Rural),Total(Male+Female),5718388,4692353,20526,1005281,228,82.4162158986064
bagmati,bagmati,Total(Urban+Rural),Male,2837341,2504079,7841,325303,118,88.53077582144692
bagmati,bagmati,Total(Urban+Rural),Female,2881047,2188274,12685,679978,110,76.39441494706611
bagmati,dolakha,Total(Urban+Rural),Total(Male+Female),160858,116312,688,43848,10,72.73495878352335
bagmati,dolakha,Total(Urban+Rural),Male,77505,62832,237,14428,8,81.37410489645829
bagmati,dolakha,Total(Urban+Rural),Female,83353,53480,451,29420,2,64.70193034443871
bagmati,dolakha,Rural,Total(Male+Female),112228,78917,343,32962,6,70.62408668068575
bagmati,dolakha,Rural,Male,53709,42460,139,11104,6,79.31445381593402
bagmati,dolakha,Rural,Female,58519,36457,204,21858,0,62.648028845332284
bagmati,dolakha,Urban,Total(Male+Female),48630,37395,345,10886,4,77.60641579272054
bagmati,dolakha,Urban,Male,23796,20372,98,3324,2,86.0228609850395
bagmati,dolakha,Urban,Female,24834,17023,247,7562,2,69.54175726826125
bagmati,sindhupalchok,Total(Urban+Rural),Total(Male+Female),243758,165854,767,77134,3,68.35508988422944
bagmati,sindhupalchok,Total(Urban+Rural),Male,119259,89751,345,29161,2,75.54649963524766
bagmati,sindhupalchok,Total(Urban+Rural),Female,124499,76103,422,47973,1,61.46635715949525
bagmati,sindhupalchok,Rural,Total(Male+Female),141462,93684,366,47411,1,66.4842855325105
bagmati,sindhupalchok,Rural,Male,69561,50802,177,18581,1,73.28675550955278
bagmati,sindhupalchok,Rural,Female,71901,42882,189,28830,0,59.90320023365461
bagmati,sindhupalchok,Urban,Total(Male+Female),102296,72170,401,29723,2,70.94216782669899
bagmati,sindhupalchok,Urban,Male,49698,38949,168,10580,1,78.70940480502233
bagmati,sindhupalchok,Urban,Female,52598,33221,233,19143,1,63.603178828092325
bagmati,rasuwa,Total(Urban+Rural),Total(Male+Female),42719,29732,125,12857,5,69.89161731313935
bagmati,rasuwa,Total(Urban+Rural),Male,22023,16779,65,5175,4,76.48367615674522
bagmati,rasuwa,Total(Urban+Rural),Female,20696,12953,60,7682,1,62.87688442211056
bagmati,rasuwa,Rural,Total(Male+Female),41509,28535,125,12844,5,69.04526729143078
bagmati,rasuwa,Rural,Male,20907,15674,65,5164,4,75.28100636150572
bagmati,rasuwa,Rural,Female,20602,12861,60,7680,1,62.7172119211727
bagmati,rasuwa,Urban,Total(Male+Female),1210,1197,0,13,0,98.92561983471074
bagmati,rasuwa,Urban,Male,1116,1105,0,11,0,99.01433691756273
bagmati,rasuwa,Urban,Female,94,92,0,2,0,97.87234042553192
bagmati,dhading,Total(Urban+Rural),Total(Male+Female),301687,218424,783,82454,26,72.66040631515445
bagmati,dhading,Total(Urban+Rural),Male,146517,116138,341,30026,12,79.49862473296614
bagmati,dhading,Total(Urban+Rural),Female,155170,102286,442,52428,14,66.20351872140233
bagmati,dhading,Rural,Total(Male+Female),217785,154442,521,62799,23,71.15411988888124
bagmati,dhading,Rural,Male,106071,82291,240,23530,10,77.80731774000434
bagmati,dhading,Rural,Female,111714,72151,281,39269,13,64.83699446801654
bagmati,dhading,Urban,Total(Male+Female),83902,63982,262,19655,3,76.570284379395
bagmati,dhading,Urban,Male,40446,33847,101,6496,2,83.93413440142412
bagmati,dhading,Urban,Female,43456,30135,161,13159,1,69.71649484536083
bagmati,nuwakot,Total(Urban+Rural),Total(Male+Female),244383,168798,997,74570,18,69.47905541711167
bagmati,nuwakot,Total(Urban+Rural),Male,119062,91556,449,27047,10,77.2748651962843
bagmati,nuwakot,Total(Urban+Rural),Female,125321,77242,548,47523,8,62.072597569441676
bagmati,nuwakot,Rural,Total(Male+Female),153793,101031,773,51972,17,66.19547053506987
bagmati,nuwakot,Rural,Male,74520,54558,342,19611,9,73.67149758454107
bagmati,nuwakot,Rural,Female,79273,46473,431,32361,8,59.16768634970293
bagmati,nuwakot,Urban,Total(Male+Female),90590,67767,224,22598,1,75.0535379180925
bagmati,nuwakot,Urban,Male,44542,36998,107,7436,1,83.30339903910917
bagmati,nuwakot,Urban,Female,46048,30769,117,15162,0,67.07348853370397
bagmati,kathmandu,Total(Urban+Rural),Total(Male+Female),2746033,2460414,15887,269674,58,90.17739408084317
bagmati,kathmandu,Total(Urban+Rural),Male,1389034,1310443,5661,72895,35,94.74958856298694
bagmati,kathmandu,Total(Urban+Rural),Female,1356999,1149971,10226,196779,23,85.49726270984725
bagmati,kathmandu,Urban,Total(Male+Female),1106315,976930,4307,125020,58,88.69417842115492
bagmati,kathmandu,Urban,Male,558242,523645,1553,33009,35,94.0807033508765
bagmati,kathmandu,Urban,Female,548073,453285,2754,92011,23,83.20771138151305
bagmati,bhaktapur,Total(Urban+Rural),Total(Male+Female),404125,355473,633,48015,4,88.11778533869472
bagmati,bhaktapur,Total(Urban+Rural),Male,203351,191363,222,11765,1,94.21394534573226
bagmati,bhaktapur,Total(Urban+Rural),Female,200774,164110,411,36250,3,81.94337912279478
bagmati,bhaktapur,Urban,Total(Male+Female),404125,355473,633,48015,4,88.11778533869472
bagmati,bhaktapur,Urban,Male,203351,191363,222,11765,1,94.21394534573226
bagmati,bhaktapur,Urban,Female,200774,164110,411,36250,3,81.94337912279478
bagmati,lalitpur,Total(Urban+Rural),Total(Male+Female),800499,710412,1436,88629,22,88.92553269897901
bagmati,lalitpur,Total(Urban+Rural),Male,399581,374926,504,24144,7,93.95591882496916
bagmati,lalitpur,Total(Urban+Rural),Female,400918,335486,932,64485,15,83.91192213869171
bagmati,lalitpur,Urban,Total(Male+Female),215569,188106,378,27081,4,87.4355774717144
bagmati,lalitpur,Urban,Male,109007,101649,159,7198,1,93.3958369645986
bagmati,lalitpur,Urban,Female,106562,86457,219,19883,3,81.33856346540043
bagmati,lalitpur,Rural,Total(Male+Female),26462,19762,62,6638,0,74.91497241327187
bagmati,lalitpur,Rural,Male,13144,10761,23,2360,0,82.04503956177723
bagmati,lalitpur,Rural,Female,13318,9001,39,4278,0,67.87805976873405
bagmati,kavrepalanchok,Total(Urban+Rural),Total(Male+Female),339440,256899,984,81552,5,75.97307329719538
bagmati,kavrepalanchok,Total(Urban+Rural),Male,165867,139558,418,25889,2,84.39050564608993
bagmati,kavrepalanchok,Total(Urban+Rural),Female,173573,117341,566,55663,3,67.92934384956185
bagmati,kavrepalanchok,Rural,Total(Male+Female),105473,71112,281,34079,1,67.68841314838868
bagmati,kavrepalanchok,Rural,Male,50782,38458,128,12195,1,75.98361624197551
bagmati,kavrepalanchok,Rural,Female,54691,32654,153,21884,0,59.98610374650308
bagmati,kavrepalanchok,Urban,Total(Male+Female),233967,185787,703,47473,4,79.7078220432796
bagmati,kavrepalanchok,Urban,Male,115085,101100,290,13694,1,88.10009992614155
bagmati,kavrepalanchok,Urban,Female,118882,84687,413,33779,3,71.58358708635454
bagmati,ramechhap,Total(Urban+Rural),Total(Male+Female),159274,108500,556,50211,7,68.4706857365295
bagmati,ramechhap,Total(Urban+Rural),Male,75154,58526,239,16386,3,78.19277749687309
bagmati,ramechhap,Total(Urban+Rural),Female,84120,49974,317,33825,4,59.78483119353305
bagmati,ramechhap,Rural,Total(Male+Female),97600,64850,471,32273,6,66.92725409836065
bagmati,ramechhap,Rural,Male,45951,34964,200,10785,2,76.52499401536419
bagmati,ramechhap,Rural,Female,51649,29886,271,21488,4,58.388352146217734
bagmati,ramechhap,Urban,Total(Male+Female),61674,43650,85,17938,1,70.9131887018841
bagmati,ramechhap,Urban,Male,29203,23562,39,5601,1,80.81703934527275
bagmati,ramechhap,Urban,Female,32471,20088,46,12337,0,62.00609774876044
bagmati,sindhuli,Total(Urban+Rural),Total(Male+Female),275899,200269,658,74931,41,72.82628788070997
bagmati,sindhuli,Total(Urban+Rural),Male,134612,107732,285,26573,22,80.24321754375538
bagmati,sindhuli,Total(Urban+Rural),Female,141287,92537,373,48358,19,65.75976558352856
bagmati,sindhuli,Urban,Total(Male+Female),132887,99361,304,33202,20,74.99981187023562
bagmati,sindhuli,Urban,Male,65043,53352,121,11560,10,82.21176759989545
bagmati,sindhuli,Urban,Female,67844,46009,183,21642,10,68.08560815989622
bagmati,sindhuli,Rural,Total(Male+Female),143012,100908,354,41729,21,70.80664559617375
bagmati,sindhuli,Rural,Male,69569,54380,164,15013,12,78.40273685118372
bagmati,sindhuli,Rural,Female,73443,46528,190,26716,9,63.61123592445842
bagmati,makwanpur,Total(Urban+Rural),Total(Male+Female),608794,484755,1486,122546,7,79.86954536345627
bagmati,makwanpur,Total(Urban+Rural),Male,302885,259340,638,42905,2,85.83389735378114
bagmati,makwanpur,Total(Urban+Rural),Female,305909,225415,848,79641,5,73.96415273823261
bagmati,makwanpur,Rural,Total(Male+Female),206263,149621,645,55995,2,72.85165056263119
bagmati,makwanpur,Rural,Male,102153,80475,306,21371,1,79.07844116178673
bagmati,makwanpur,Rural,Female,104110,69146,339,34624,1,66.74190759773316
bagmati,makwanpur,Urban,Total(Male+Female),43771,33946,93,9731,1,77.76610084302392
bagmati,makwanpur,Urban,Male,24478,20995,38,3444,1,85.92613775635265
bagmati,makwanpur,Urban,Female,19293,12951,55,6287,0,67.41305136578033
bagmati,chitawan,Total(Urban+Rural),Total(Male+Female),1014826,861334,2835,150596,61,85.1544008529541
bagmati,chitawan,Total(Urban+Rural),Male,490795,441704,984,48083,24,90.19814790289225
bagmati,chitawan,Total(Urban+Rural),Female,524031,419630,1851,102513,37,80.43054704778916
bagmati,chitawan,Urban,Total(Male+Female),298937,240343,1499,57090,5,80.90065799817353
bagmati,chitawan,Urban,Male,145991,125700,594,19695,2,86.50807241542286
bagmati,chitawan,Urban,Female,152946,114643,905,37395,3,75.54823270958377
bagmati,chitawan,Rural,Total(Male+Female),25021,18561,42,6418,0,74.34954638103991
bagmati,chitawan,Rural,Male,12672,10050,20,2602,0,79.46654040404042
bagmati,chitawan,Rural,Female,12349,8511,22,3816,0,69.09871244635193
gandaki,gandaki,Total(Urban+Rural),Total(Male+Female),2297497,1875910,18252,399642,3693,82.4445907872785
gandaki,gandaki,Total(Urban+Rural),Male,1080724,959289,6332,113407,1696,89.34945462486259
gandaki,gandaki,Total(Urban+Rural),Female,1216773,916621,11920,286235,1997,76.3117689166344
gandaki,gorkha,Total(Urban+Rural),Total(Male+Female),234195,169477,2803,61598,317,73.56262943273768
gandaki,gorkha,Total(Urban+Rural),Male,109347,88053,1052,20107,135,81.4882895735594
gandaki,gorkha,Total(Urban+Rural),Female,124848,81424,1751,41491,182,66.62101114955786
gandaki,gorkha,Rural,Total(Male+Female),147614,101064,1966,44389,195,69.79690273280312
gandaki,gorkha,Rural,Male,69079,53117,775,15096,91,78.0150262742657
gandaki,gorkha,Rural,Female,78535,47947,1191,29293,104,62.56828165785955
gandaki,gorkha,Urban,Total(Male+Female),86581,68413,837,17209,122,79.9829061803398
gandaki,gorkha,Urban,Male,40268,34936,277,5011,44,87.44660772822091
gandaki,gorkha,Urban,Female,46313,33477,560,12198,78,73.49340357998834
gandaki,manang,Total(Urban+Rural),Total(Male+Female),5379,4215,143,1021,0,81.01877672429819
gandaki,manang,Total(Urban+Rural),Male,3055,2650,66,339,0,88.90343698854338
gandaki,manang,Total(Urban+Rural),Female,2324,1565,77,682,0,70.65404475043029
gandaki,manang,Rural,Total(Male+Female),4663,3501,142,1020,0,78.12567016941883
gandaki,manang,Rural,Male,2416,2012,66,338,0,86.00993377483444
gandaki,manang,Rural,Female,2247,1489,76,682,0,69.64842011570983
gandaki,manang,Urban,Total(Male+Female),716,714,1,1,0,99.86033519553072
gandaki,manang,Urban,Male,639,638,0,1,0,99.8435054773083
gandaki,manang,Urban,Female,77,76,1,0,0,100.0
gandaki,mustang,Total(Urban+Rural),Total(Male+Female),13689,10274,241,3137,37,76.81349989042296
gandaki,mustang,Total(Urban+Rural),Male,7548,6303,95,1129,21,84.76417594064652
gandaki,mustang,Total(Urban+Rural),Female,6141,3971,146,2008,16,67.04119850187266
gandaki,mustang,Rural,Total(Male+Female),10580,7211,232,3102,35,70.34971644612476
gandaki,mustang,Rural,Male,5291,4067,95,1110,19,78.66187866187866
gandaki,mustang,Rural,Female,5289,3144,137,1992,16,62.03441104178483
gandaki,mustang,Urban,Total(Male+Female),3109,3063,9,35,2,98.80990672241879
gandaki,mustang,Urban,Male,2257,2236,0,19,2,99.06956136464333
gandaki,mustang,Urban,Female,852,827,9,16,0,98.12206572769952
gandaki,myagdi,Total(Urban+Rural),Total(Male+Female),99025,78918,422,19531,154,80.12118151981824
gandaki,myagdi,Total(Urban+Rural),Male,47933,42041,140,5666,86,87.99991655018464
gandaki,myagdi,Total(Urban+Rural),Female,51092,36877,282,13865,68,72.7295858451421
gandaki,myagdi,Rural,Total(Male+Female),66380,51512,307,14459,102,78.06417595661344
gandaki,myagdi,Rural,Male,31774,27230,105,4396,43,86.02945804746018
gandaki,myagdi,Rural,Female,34606,24282,202,10063,59,70.75073686643934
gandaki,myagdi,Urban,Total(Male+Female),32645,27406,115,5072,52,84.30387501914535
gandaki,myagdi,Urban,Male,16159,14811,35,1270,43,91.8744971842317
gandaki,myagdi,Urban,Female,16486,12595,80,3802,9,76.88341623195439
gandaki,kaski,Total(Urban+Rural),Total(Male+Female),1044264,920885,6736,114292,2351,88.83012341706696
gandaki,kaski,Total(Urban+Rural),Male,502797,471415,2047,28250,1085,94.16563742424874
gandaki,kaski,Total(Urban+Rural),Female,541467,449470,4689,86042,1266,83.8756563188523
gandaki,kaski,Rural,Total(Male+Female),70944,56608,762,13332,242,80.86659900766801
gandaki,kaski,Rural,Male,34327,30020,253,3934,120,88.1900544760684
gandaki,kaski,Rural,Female,36617,26588,509,9398,122,74.00114700822023
gandaki,kaski,Urban,Total(Male+Female),10468,10059,8,320,81,96.1692777990065
gandaki,kaski,Urban,Male,8280,8011,2,250,17,96.77536231884058
gandaki,kaski,Urban,Female,2188,2048,6,70,64,93.87568555758683
gandaki,lamjung,Total(Urban+Rural),Total(Male+Female),146546,113561,1252,31632,101,78.34604833977045
gandaki,lamjung,Total(Urban+Rural),Male,69073,59152,476,9398,47,86.32606083418992
gandaki,lamjung,Total(Urban+Rural),Female,77473,54409,776,22234,54,71.23126766744544
gandaki,lamjung,Rural,Total(Male+Female),46679,33510,414,12713,42,72.675078729193
gandaki,lamjung,Rural,Male,22566,18093,181,4272,20,80.9802357529026
gandaki,lamjung,Rural,Female,24113,15417,233,8441,22,64.90274955418239
gandaki,lamjung,Urban,Total(Male+Female),99867,80051,838,18919,59,80.99672564510799
gandaki,lamjung,Urban,Male,46507,41059,295,5126,27,88.91994753477971
gandaki,lamjung,Urban,Female,53360,38992,543,13793,32,74.09107946026985
gandaki,tanahu,Total(Urban+Rural),Total(Male+Female),299248,244178,2048,52457,565,82.28158584184355
gandaki,tanahu,Total(Urban+Rural),Male,138447,123240,703,14263,241,89.523788886722
gandaki,tanahu,Total(Urban+Rural),Female,160801,120938,1345,38194,324,76.04616886710903
gandaki,tanahu,Urban,Total(Male+Female),195862,163594,1259,30659,350,84.16793456617414
gandaki,tanahu,Urban,Male,90426,82022,393,7857,154,91.14082232986088
gandaki,tanahu,Urban,Female,105436,81572,866,22802,196,78.1877157707045
gandaki,tanahu,Rural,Total(Male+Female),103386,80584,789,21798,215,78.7079488518755
gandaki,tanahu,Rural,Male,48021,41218,310,6406,87,86.47883217758897
gandaki,tanahu,Rural,Female,55365,39366,479,15392,128,71.96784972455522
gandaki,nawalparasi (bardaghat susta east),Total(Urban+Rural),Total(Male+Female),349586,287893,2898,58262,533,83.18153472965164
gandaki,nawalparasi (bardaghat susta east),Total(Urban+Rural),Male,162631,144268,1015,17091,257,89.33290701034858
gandaki,nawalparasi (bardaghat susta east),Total(Urban+Rural),Female,186955,143625,1883,41171,276,77.83049396913697
gandaki,nawalparasi (bardaghat susta east),Urban,Total(Male+Female),265740,222494,2228,40656,362,84.5646120267931
gandaki,nawalparasi (bardaghat susta east),Urban,Male,123914,111188,760,11791,175,90.34330261310264
gandaki,nawalparasi (bardaghat susta east),Urban,Female,141826,111306,1468,28865,187,79.51574464484649
gandaki,nawalparasi (bardaghat susta east),Rural,Total(Male+Female),83846,65399,670,17606,171,78.79803449180642
gandaki,nawalparasi (bardaghat susta east),Rural,Male,38717,33080,255,5300,82,86.09912958132087
gandaki,nawalparasi (bardaghat susta east),Rural,Female,45129,32319,415,12306,89,72.53429058919984
gandaki,syangja,Total(Urban+Rural),Total(Male+Female),236382,193051,1481,41615,235,82.29560626443639
gandaki,syangja,Total(Urban+Rural),Male,107838,96853,509,10365,111,90.28542814221332
gandaki,syangja,Total(Urban+Rural),Female,128544,96198,972,31250,124,75.5927931292009
gandaki,syangja,Urban,Total(Male+Female),158602,131287,867,26285,163,83.32429603661997
gandaki,syangja,Urban,Male,72545,65596,283,6590,76,90.81122062168309
gandaki,syangja,Urban,Female,86057,65691,584,19695,87,77.01291004799144
gandaki,syangja,Rural,Total(Male+Female),77780,61764,614,15330,72,80.19799434301878
gandaki,syangja,Rural,Male,35293,31257,226,3775,35,89.20465814750801
gandaki,syangja,Rural,Female,42487,30507,388,11555,37,72.71636029844423
gandaki,parbat,Total(Urban+Rural),Total(Male+Female),121631,97452,753,23248,178,80.7401073739425
gandaki,parbat,Total(Urban+Rural),Male,56709,49986,276,6366,81,88.63143416388934
gandaki,parbat,Total(Urban+Rural),Female,64922,47466,477,16882,97,73.84707803210006
gandaki,parbat,Rural,Total(Male+Female),66418,52947,442,12932,97,80.38332982022945
gandaki,parbat,Rural,Male,31014,27146,157,3664,47,88.03443606113368
gandaki,parbat,Rural,Female,35404,25801,285,9268,50,73.6809400067789
gandaki,parbat,Urban,Total(Male+Female),55213,44505,311,10316,81,81.16928984116059
gandaki,parbat,Urban,Male,25695,22840,119,2702,34,89.35201401050789
gandaki,parbat,Urban,Female,29518,21665,192,7614,47,74.04634460329291
gandaki,baglung,Total(Urban+Rural),Total(Male+Female),228978,183115,2458,43169,236,81.04403043087109
gandaki,baglung,Total(Urban+Rural),Male,105441,92020,849,12466,106,88.07674434043683
gandaki,baglung,Total(Urban+Rural),Female,123537,91095,1609,30703,130,75.04148554684022
gandaki,baglung,Urban,Total(Male+Female),132472,108044,1067,23216,145,82.36533003200677
gandaki,baglung,Urban,Male,61458,54728,334,6325,71,89.59289270721469
gandaki,baglung,Urban,Female,71014,53316,733,16891,74,76.11034443912467
gandaki,baglung,Rural,Total(Male+Female),96506,75071,1391,19953,91,79.23030692392183
gandaki,baglung,Rural,Male,43983,37292,515,6141,35,85.95821112702635
gandaki,baglung,Rural,Female,52523,37779,876,13812,56,73.5963292271957
lumbini,lumbini,Total(Urban+Rural),Total(Male+Female),4682237,3655933,25233,998751,2320,78.61981356347404
lumbini,lumbini,Total(Urban+Rural),Male,2223630,1894018,9229,319293,1090,85.59189253607839
lumbini,lumbini,Total(Urban+Rural),Female,2458607,1761915,16004,679458,1230,72.31407866324305
lumbini,rukum (east),Total(Urban+Rural),Total(Male+Female),51170,36510,165,14468,27,71.67285518858706
lumbini,rukum (east),Total(Urban+Rural),Male,24584,19584,81,4908,11,79.99105109013993
lumbini,rukum (east),Total(Urban+Rural),Female,26586,16926,84,9560,16,63.98104265402843
lumbini,rukum (east),Rural,Total(Male+Female),51059,36399,165,14468,27,71.6112732329266
lumbini,rukum (east),Rural,Male,24483,19483,81,4908,11,79.90850794428788
lumbini,rukum (east),Rural,Female,26576,16916,84,9560,16,63.96748946417821
lumbini,rukum (east),Urban,Total(Male+Female),111,111,0,0,0,100.0
lumbini,rukum (east),Urban,Male,101,101,0,0,0,100.0
lumbini,rukum (east),Urban,Female,10,10,0,0,0,100.0
lumbini,rolpa,Total(Urban+Rural),Total(Male+Female),210714,159372,1597,49614,131,76.39217137921544
lumbini,rolpa,Total(Urban+Rural),Male,97453,81848,543,15004,58,84.5443444532236
lumbini,rolpa,Total(Urban+Rural),Female,113261,77524,1054,34610,73,69.37780877795534
lumbini,rolpa,Rural,Total(Male+Female),177073,132499,1182,43282,110,75.49485240550507
lumbini,rolpa,Rural,Male,81615,67959,436,13172,48,83.80199718189058
lumbini,rolpa,Rural,Female,95458,64540,746,30110,62,68.39238198998513
lumbini,rolpa,Urban,Total(Male+Female),33641,26873,415,6332,21,81.11530572812936
lumbini,rolpa,Urban,Male,15838,13889,107,1832,10,88.36974365450183
lumbini,rolpa,Urban,Female,17803,12984,308,4500,11,74.66157389204066
lumbini,pyuthan,Total(Urban+Rural),Total(Male+Female),210494,168663,997,40758,76,80.6008722338879
lumbini,pyuthan,Total(Urban+Rural),Male,92881,81625,327,10899,30,88.23333082115825
lumbini,pyuthan,Total(Urban+Rural),Female,117613,87038,670,29859,46,74.57338899611437
lumbini,pyuthan,Rural,Total(Male+Female),141498,111219,627,29605,47,79.04422677352329
lumbini,pyuthan,Rural,Male,62562,54021,238,8287,16,86.72836546146223
lumbini,pyuthan,Rural,Female,78936,57198,389,21318,31,72.95403871490828
lumbini,pyuthan,Urban,Total(Male+Female),68996,57444,370,11153,29,83.7932633775871
lumbini,pyuthan,Urban,Male,30319,27604,89,2612,14,91.33876447112371
lumbini,pyuthan,Urban,Female,38677,29840,281,8541,15,77.87832561987744
lumbini,gulmi,Total(Urban+Rural),Total(Male+Female),226675,182112,1495,43004,64,81.00011029006286
lumbini,gulmi,Total(Urban+Rural),Male,101591,89408,452,11701,30,88.45271726826195
lumbini,gulmi,Total(Urban+Rural),Female,125084,92704,1043,31303,34,74.94723545777238
lumbini,gulmi,Rural,Total(Male+Female),170813,135607,1198,33954,54,80.09050833367483
lumbini,gulmi,Rural,Male,75974,66356,356,9238,24,87.80898728512386
lumbini,gulmi,Rural,Female,94839,69251,842,24716,30,73.90735878699691
lumbini,gulmi,Urban,Total(Male+Female),55862,46505,297,9050,10,83.78146145859439
lumbini,gulmi,Urban,Male,25617,23052,96,2463,6,90.36186907131982
lumbini,gulmi,Urban,Female,30245,23453,201,6587,4,78.2079682592164
lumbini,arghakhanchi,Total(Urban+Rural),Total(Male+Female),162593,130150,1182,31210,51,80.77346503231996
lumbini,arghakhanchi,Total(Urban+Rural),Male,72818,63896,400,8500,22,88.29684968002417
lumbini,arghakhanchi,Total(Urban+Rural),Female,89775,66254,782,22710,29,74.67112225006962
lumbini,arghakhanchi,Rural,Total(Male+Female),62885,49310,472,13083,20,79.16355251649837
lumbini,arghakhanchi,Rural,Male,27479,23736,172,3559,12,87.00462171112487
lumbini,arghakhanchi,Rural,Female,35406,25574,300,9524,8,73.07800937694176
lumbini,arghakhanchi,Urban,Total(Male+Female),99708,80840,710,18127,31,81.78882336422353
lumbini,arghakhanchi,Urban,Male,45339,40160,228,4941,10,89.08004146540506
lumbini,arghakhanchi,Urban,Female,54369,40680,482,13186,21,75.70858393569864
lumbini,palpa,Total(Urban+Rural),Total(Male+Female),227126,190041,1411,35586,88,84.2932997543214
lumbini,palpa,Total(Urban+Rural),Male,103283,93483,429,9331,40,90.9268708306304
lumbini,palpa,Total(Urban+Rural),Female,123843,96558,982,26255,48,78.76101192639067
lumbini,palpa,Urban,Total(Male+Female),88256,77256,195,10783,22,87.7572063089195
lumbini,palpa,Urban,Male,40698,37959,57,2672,10,93.40999557717824
lumbini,palpa,Urban,Female,47558,39297,138,8111,12,82.91980318768661
lumbini,palpa,Rural,Total(Male+Female),138870,112785,1216,24803,66,82.0918844962915
lumbini,palpa,Rural,Male,62585,55524,372,6659,30,89.31213549572581
lumbini,palpa,Rural,Female,76285,57261,844,18144,36,76.1683161827358
lumbini,nawalparasi (bardaghat susta west),Total(Urban+Rural),Total(Male+Female),355735,277362,2110,76103,160,78.56185081591634
lumbini,nawalparasi (bardaghat susta west),Total(Urban+Rural),Male,171876,148280,702,22809,85,86.67993204403174
lumbini,nawalparasi (bardaghat susta west),Total(Urban+Rural),Female,183859,129082,1408,53294,75,70.97286507595494
lumbini,nawalparasi (bardaghat susta west),Urban,Total(Male+Female),199449,163135,1352,34878,84,82.47070679722636
lumbini,nawalparasi (bardaghat susta west),Urban,Male,95411,85297,419,9652,43,89.8386978440641
lumbini,nawalparasi (bardaghat susta west),Urban,Female,104038,77838,933,25226,41,75.71368153943752
lumbini,nawalparasi (bardaghat susta west),Rural,Total(Male+Female),156286,114227,758,41225,76,73.57344867742472
lumbini,nawalparasi (bardaghat susta west),Rural,Male,76465,62983,283,13157,42,82.73850781403257
lumbini,nawalparasi (bardaghat susta west),Rural,Female,79821,51244,475,28068,34,64.79372596183963
lumbini,rupandehi,Total(Urban+Rural),Total(Male+Female),1211778,1002610,4043,204352,773,83.07239444848808
lumbini,rupandehi,Total(Urban+Rural),Male,589909,527295,1541,60697,376,89.64704725644125
lumbini,rupandehi,Total(Urban+Rural),Female,621869,475315,2502,143655,397,76.83563580110923
lumbini,rupandehi,Urban,Total(Male+Female),434880,363420,1440,69801,219,83.89900662251655
lumbini,rupandehi,Urban,Male,210305,189311,563,20318,113,90.2850621716079
lumbini,rupandehi,Urban,Female,224575,174109,877,49483,106,77.91873538906825
lumbini,rupandehi,Rural,Total(Male+Female),413882,307702,1533,104291,356,74.71574023513948
lumbini,rupandehi,Rural,Male,203742,170508,636,32427,171,84.0003533881085
lumbini,rupandehi,Rural,Female,210140,137194,897,71864,185,65.71380984105835
lumbini,kapilbastu,Total(Urban+Rural),Total(Male+Female),614334,441191,3053,169738,352,72.31310655115946
lumbini,kapilbastu,Total(Urban+Rural),Male,299627,238606,1396,59462,163,80.10025798743104
lumbini,kapilbastu,Total(Urban+Rural),Female,314707,202585,1657,110276,189,64.89909662003069
lumbini,kapilbastu,Urban,Total(Male+Female),439789,321506,2179,115868,236,73.60006730500308
lumbini,kapilbastu,Urban,Male,214648,172990,969,40588,101,81.04384853341284
lumbini,kapilbastu,Urban,Female,225141,148516,1210,75280,135,66.50321354173607
lumbini,kapilbastu,Rural,Total(Male+Female),174545,119685,874,53870,116,69.07044028760492
lumbini,kapilbastu,Rural,Male,84979,65616,427,18874,62,77.71684769178268
lumbini,kapilbastu,Rural,Female,89566,54069,447,34996,54,60.866846794542575
lumbini,dang,Total(Urban+Rural),Total(Male+Female),972449,797493,3279,171263,414,82.34591222778778
lumbini,dang,Total(Urban+Rural),Male,455302,402812,1098,51202,190,88.71254683704443
lumbini,dang,Total(Urban+Rural),Female,517147,394681,2181,120061,224,76.74065594502143
lumbini,dang,Rural,Total(Male+Female),211490,165866,867,44658,99,78.83729727173862
lumbini,dang,Rural,Male,99253,84368,309,14527,49,85.31429780460037
lumbini,dang,Rural,Female,112237,81498,558,30131,50,73.10958061958178
lumbini,dang,Urban,Total(Male+Female),59375,48697,182,10475,21,82.32252631578947
lumbini,dang,Urban,Male,30317,26636,63,3611,7,88.06610152719597
lumbini,dang,Urban,Female,29058,22061,119,6864,14,76.33009842384197
lumbini,banke,Total(Urban+Rural),Total(Male+Female),699271,517541,3637,177685,408,74.53161935787412
lumbini,banke,Total(Urban+Rural),Male,343358,274376,1568,67230,184,80.36626494795519
lumbini,banke,Total(Urban+Rural),Female,355913,243165,2069,110455,224,68.90279366024843
lumbini,banke,Rural,Total(Male+Female),298565,204923,1583,91913,146,69.16617821914825
lumbini,banke,Rural,Male,142686,107768,674,34175,69,76.00044853734774
lumbini,banke,Rural,Female,155879,97155,909,57738,77,62.9103342977566
lumbini,banke,Urban,Total(Male+Female),99806,83200,528,16040,38,83.89074805121936
lumbini,banke,Urban,Male,49850,44472,192,5167,19,89.59679037111334
lumbini,banke,Urban,Female,49956,38728,336,10873,19,78.19681319561214
lumbini,bardiya,Total(Urban+Rural),Total(Male+Female),422648,324806,4677,93031,134,77.95683405576271
lumbini,bardiya,Total(Urban+Rural),Male,197156,163515,1577,32002,62,83.73673639148694
lumbini,bardiya,Total(Urban+Rural),Female,225492,161291,3100,61029,72,72.90325155659623
lumbini,bardiya,Urban,Total(Male+Female),343356,263109,3184,76958,105,77.55594776267199
lumbini,bardiya,Urban,Male,161117,133087,1117,26865,48,83.29598987071508
lumbini,bardiya,Urban,Female,182239,130022,2067,50093,57,72.48119228046686
lumbini,bardiya,Rural,Total(Male+Female),79292,61697,1493,16073,29,79.6927811128487
lumbini,bardiya,Rural,Male,36039,30428,460,5137,14,85.70715058686423
lumbini,bardiya,Rural,Female,43253,31269,1033,10936,15,74.68152498092618
karnali,karnali,Total(Urban+Rural),Total(Male+Female),1519611,1156194,8980,352697,1740,76.67580716380705
karnali,karnali,Total(Urban+Rural),Male,735203,612069,3398,118887,849,83.7138858247314
karnali,karnali,Total(Urban+Rural),Female,784408,544125,5582,233810,891,70.07921897787885
karnali,dolpa,Total(Urban+Rural),Total(Male+Female),39136,26229,486,12379,42,68.26195829926411
karnali,dolpa,Total(Urban+Rural),Male,19552,14734,186,4613,19,76.30932896890343
karnali,dolpa,Total(Urban+Rural),Female,19584,11495,300,7766,23,60.227736928104584
karnali,dolpa,Rural,Total(Male+Female),18444,11133,254,7029,28,61.73823465625677
karnali,dolpa,Rural,Male,8990,6110,115,2754,11,69.2436040044494
karnali,dolpa,Rural,Female,9454,5023,139,4275,17,54.601226993865026
karnali,dolpa,Urban,Total(Male+Female),20692,15096,232,5350,14,74.07693794703268
karnali,dolpa,Urban,Male,10562,8624,71,1859,8,82.32342359401629
karnali,dolpa,Urban,Female,10130,6472,161,3491,6,65.47877591312931
karnali,mugu,Total(Urban+Rural),Total(Male+Female),57609,39225,331,18027,26,68.66288253571491
karnali,mugu,Total(Urban+Rural),Male,28852,22299,170,6373,10,77.87675031193679
karnali,mugu,Total(Urban+Rural),Female,28757,16926,161,11654,16,59.41857634662865
karnali,mugu,Rural,Total(Male+Female),35139,23128,216,11781,14,66.4333077207661
karnali,mugu,Rural,Male,17385,12998,113,4269,5,75.41558815070462
karnali,mugu,Rural,Female,17754,10130,103,7512,9,57.637715444406886
karnali,mugu,Urban,Total(Male+Female),22470,16097,115,6246,12,72.14953271028037
karnali,mugu,Urban,Male,11467,9301,57,2104,5,81.60809278800035
karnali,mugu,Urban,Female,11003,6796,58,4142,7,62.292102153958005
karnali,humla,Total(Urban+Rural),Total(Male+Female),49325,31491,286,17490,58,64.42372022301063
karnali,humla,Total(Urban+Rural),Male,24763,18164,129,6437,33,73.87230949400315
karnali,humla,Total(Urban+Rural),Female,24562,13327,157,11053,25,54.897809624623406
karnali,humla,Rural,Total(Male+Female),47825,30011,286,17470,58,63.34971249346576
karnali,humla,Rural,Male,23703,17114,129,6427,33,72.74606589883138
karnali,humla,Rural,Female,24122,12897,157,11043,25,54.116574081751104
karnali,humla,Urban,Total(Male+Female),1500,1480,0,20,0,98.66666666666667
karnali,humla,Urban,Male,1060,1050,0,10,0,99.05660377358491
karnali,humla,Urban,Female,440,430,0,10,0,97.72727272727273
karnali,jumla,Total(Urban+Rural),Total(Male+Female),107647,75564,746,30888,449,70.88910977546983
karnali,jumla,Total(Urban+Rural),Male,53523,42246,274,10785,218,79.44248267100124
karnali,jumla,Total(Urban+Rural),Female,54124,33318,472,20103,231,62.430714655236116
karnali,jumla,Rural,Total(Male+Female),87063,59369,649,26609,436,68.93628751593674
karnali,jumla,Rural,Male,42970,32880,237,9640,213,77.07004887130556
karnali,jumla,Rural,Female,44093,26489,412,16969,223,61.00968407683759
karnali,jumla,Urban,Total(Male+Female),20584,16195,97,4279,13,79.14885347842984
karnali,jumla,Urban,Male,10553,9366,37,1145,5,89.10262484601536
karnali,jumla,Urban,Female,10031,6829,60,3134,8,68.67710098694049
karnali,kalikot,Total(Urban+Rural),Total(Male+Female),128678,93570,801,34135,172,73.33887688649186
karnali,kalikot,Total(Urban+Rural),Male,63528,50700,368,12374,86,80.38660118373001
karnali,kalikot,Total(Urban+Rural),Female,65150,42870,433,21761,86,66.46661550268611
karnali,kalikot,Rural,Total(Male+Female),78752,57215,555,20893,89,73.35686712718406
karnali,kalikot,Rural,Male,38736,30856,257,7583,40,80.32063197026022
karnali,kalikot,Rural,Female,40016,26359,298,13310,49,66.61585365853658
karnali,kalikot,Urban,Total(Male+Female),49926,36355,246,13242,83,73.31049953931819
karnali,kalikot,Urban,Male,24792,19844,111,4791,46,80.48967408841563
karnali,kalikot,Urban,Female,25134,16511,135,8451,37,66.22901249303732
karnali,dailekh,Total(Urban+Rural),Total(Male+Female),225508,170256,1156,53895,201,76.01149404899161
karnali,dailekh,Total(Urban+Rural),Male,106835,88719,444,17575,97,83.45860438994711
karnali,dailekh,Total(Urban+Rural),Female,118673,81537,712,36320,104,69.30725607341182
karnali,dailekh,Rural,Total(Male+Female),115426,87606,716,27013,91,76.5182887737598
karnali,dailekh,Rural,Male,54682,45527,259,8848,48,83.73139241432281
karnali,dailekh,Rural,Female,60744,42079,457,18165,43,70.02502304754378
karnali,dailekh,Urban,Total(Male+Female),110082,82650,440,26882,110,75.48009665522065
karnali,dailekh,Urban,Male,52153,43192,185,8727,49,83.17258834582863
karnali,dailekh,Urban,Female,57929,39458,255,18155,61,68.55460995356385
karnali,jajarkot,Total(Urban+Rural),Total(Male+Female),167750,126648,1036,39895,171,76.11564828614009
karnali,jajarkot,Total(Urban+Rural),Male,83005,67485,472,14960,88,81.87097162821517
karnali,jajarkot,Total(Urban+Rural),Female,84745,59163,564,24935,83,70.47849430644875
karnali,jajarkot,Rural,Total(Male+Female),73498,55752,637,17017,92,76.72181555960707
karnali,jajarkot,Rural,Male,36528,29649,287,6545,47,81.95356986421375
karnali,jajarkot,Rural,Female,36970,26103,350,10472,45,71.55261022450635
karnali,jajarkot,Urban,Total(Male+Female),94252,70896,399,22878,79,75.64295717862751
karnali,jajarkot,Urban,Male,46477,37836,185,8415,41,81.8060546076554
karnali,jajarkot,Urban,Female,47775,33060,214,14463,38,69.6473050758765
karnali,rukum (west),Total(Urban+Rural),Total(Male+Female),150201,113762,604,35688,147,76.1419697605209
karnali,rukum (west),Total(Urban+Rural),Male,72256,59645,237,12308,66,82.87477856510186
karnali,rukum (west),Total(Urban+Rural),Female,77945,54117,367,23380,81,69.90057091538905
karnali,rukum (west),Urban,Total(Male+Female),90726,68385,369,21898,74,75.78202499834667
karnali,rukum (west),Urban,Male,43870,36123,153,7562,32,82.68976521540917
karnali,rukum (west),Urban,Female,46856,32262,216,14336,42,69.3144954754994
karnali,rukum (west),Rural,Total(Male+Female),59475,45377,235,13790,73,76.69104665825978
karnali,rukum (west),Rural,Male,28386,23522,84,4746,34,83.1607130275488
karnali,rukum (west),Rural,Female,31089,21855,151,9044,39,70.78387854224967
karnali,salyan,Total(Urban+Rural),Total(Male+Female),215417,166510,1394,47342,171,77.94370917801288
karnali,salyan,Total(Urban+Rural),Male,102832,87356,433,14961,82,85.37128520304962
karnali,salyan,Total(Urban+Rural),Female,112585,79154,961,32381,89,71.15956832615358
karnali,salyan,Rural,Total(Male+Female),122337,94758,987,26486,106,78.26332180779323
karnali,salyan,Rural,Male,58300,49569,318,8359,54,85.56946826758147
karnali,salyan,Rural,Female,64037,45189,669,18127,52,71.61172447178976
karnali,salyan,Urban,Total(Male+Female),93080,71752,407,20856,65,77.5236355822948
karnali,salyan,Urban,Male,44532,37787,115,6602,28,85.11182969549986
karnali,salyan,Urban,Female,48548,33965,292,14254,37,70.56315399192552
karnali,surkhet,Total(Urban+Rural),Total(Male+Female),378340,312939,2140,62958,303,83.27932547444098
karnali,surkhet,Total(Urban+Rural),Male,180057,160721,685,18501,150,89.6416134890618
karnali,surkhet,Total(Urban+Rural),Female,198283,152218,1455,44457,153,77.50185341153806
karnali,surkhet,Rural,Total(Male+Female),83095,63930,503,18577,85,77.54136831337625
karnali,surkhet,Rural,Male,38718,32864,187,5619,48,85.36339686967302
karnali,surkhet,Rural,Female,44377,31066,316,12958,37,70.71681276336841
karnali,surkhet,Urban,Total(Male+Female),295245,249009,1637,44381,218,84.89424037663636
karnali,surkhet,Urban,Male,141339,127857,498,12882,102,90.81357587077876
karnali,surkhet,Urban,Female,153906,121152,1139,31499,116,79.45824074435045
sudurpaschim,sudurpaschim,Total(Urban+Rural),Total(Male+Female),2455644,1871952,15640,566996,1056,76.86749382239445
sudurpaschim,sudurpaschim,Total(Urban+Rural),Male,1145018,978215,5469,160844,490,85.90991582665076
sudurpaschim,sudurpaschim,Total(Urban+Rural),Female,1310626,893737,10171,406152,566,68.96765362506162
sudurpaschim,bajura,Total(Urban+Rural),Total(Male+Female),123900,88267,530,35020,83,71.6682808716707
sudurpaschim,bajura,Total(Urban+Rural),Male,59464,47469,218,11740,37,80.19473967442487
sudurpaschim,bajura,Total(Urban+Rural),Female,64436,40798,312,23280,46,63.79973927618102
sudurpaschim,bajura,Rural,Total(Male+Female),54454,37771,228,16436,19,69.7818342086899
sudurpaschim,bajura,Rural,Male,26292,20326,98,5858,10,77.6814240073026
sudurpaschim,bajura,Rural,Female,28162,17445,130,10578,9,62.40678929053334
sudurpaschim,bajura,Urban,Total(Male+Female),69446,50496,302,18584,64,73.14748149641449
sudurpaschim,bajura,Urban,Male,33172,27143,120,5882,27,82.18678403472809
sudurpaschim,bajura,Urban,Female,36274,23353,182,12702,37,64.88118211391078
sudurpaschim,bajhang,Total(Urban+Rural),Total(Male+Female),170413,120205,757,49392,59,70.98167393332669
sudurpaschim,bajhang,Total(Urban+Rural),Male,78713,65202,286,13195,30,83.19845514718025
sudurpaschim,bajhang,Total(Urban+Rural),Female,91700,55003,471,36197,29,60.49509269356598
sudurpaschim,bajhang,Rural,Total(Male+Female),120038,83676,510,35805,47,70.13279128276045
sudurpaschim,bajhang,Rural,Male,54935,45080,201,9631,23,82.42650405024119
sudurpaschim,bajhang,Rural,Female,65103,38596,309,26174,24,59.759150883983835
sudurpaschim,bajhang,Urban,Total(Male+Female),50375,36529,247,13587,12,73.0044665012407
sudurpaschim,bajhang,Urban,Male,23778,20122,85,3564,7,84.98191605685929
sudurpaschim,bajhang,Urban,Female,26597,16407,162,10023,5,62.296499605218635
sudurpaschim,darchula,Total(Urban+Rural),Total(Male+Female),122340,95146,488,26659,47,78.17067189798921
sudurpaschim,darchula,Total(Urban+Rural),Male,58600,51176,159,7243,22,87.60238907849829
sudurpaschim,darchula,Total(Urban+Rural),Female,63740,43970,329,19416,25,69.49952933793536
sudurpaschim,darchula,Rural,Total(Male+Female),78910,60576,334,17966,34,77.18920288936764
sudurpaschim,darchula,Rural,Male,37422,32436,102,4869,15,86.94885361552028
sudurpaschim,darchula,Rural,Female,41488,28140,232,13097,19,68.38603933667567
sudurpaschim,darchula,Urban,Total(Male+Female),43430,34570,154,8693,13,79.95394888326042
sudurpaschim,darchula,Urban,Male,21178,18740,57,2374,7,88.75720086882613
sudurpaschim,darchula,Urban,Female,22252,15830,97,6319,6,71.5755887111271
sudurpaschim,baitadi,Total(Urban+Rural),Total(Male+Female),219006,168167,1232,49462,145,77.34902240121275
sudurpaschim,baitadi,Total(Urban+Rural),Male,101488,89005,436,11985,62,88.12963108938987
sudurpaschim,baitadi,Total(Urban+Rural),Female,117518,79162,796,37477,83,68.0389387157712
sudurpaschim,baitadi,Rural,Total(Male+Female),109258,83083,602,25483,90,76.59393362499772
sudurpaschim,baitadi,Rural,Male,50480,43791,209,6442,38,87.16323296354992
sudurpaschim,baitadi,Rural,Female,58778,39292,393,19041,52,67.51675797066929
sudurpaschim,baitadi,Urban,Total(Male+Female),109748,85084,630,23979,55,78.10073987680869
sudurpaschim,baitadi,Urban,Male,51008,45214,227,5543,24,89.08602572145546
sudurpaschim,baitadi,Urban,Female,58740,39870,403,18436,31,68.56145726932243
sudurpaschim,dadeldhura,Total(Urban+Rural),Total(Male+Female),126692,99059,876,26705,52,78.8802765762637
sudurpaschim,dadeldhura,Total(Urban+Rural),Male,58942,52521,258,6138,25,89.54395846764615
sudurpaschim,dadeldhura,Total(Urban+Rural),Female,67750,46538,618,20567,27,69.6029520295203
sudurpaschim,dadeldhura,Rural,Total(Male+Female),71483,54695,563,16198,27,77.30229565071416
sudurpaschim,dadeldhura,Rural,Male,32432,28640,150,3631,11,88.77035027133695
sudurpaschim,dadeldhura,Rural,Female,39051,26055,413,12567,16,67.77803385316638
sudurpaschim,dadeldhura,Urban,Total(Male+Female),55209,44364,313,10507,25,80.9234001702621
sudurpaschim,dadeldhura,Urban,Male,26510,23881,108,2507,14,90.4903809883063
sudurpaschim,dadeldhura,Urban,Female,28699,20483,205,8000,11,72.08613540541482
sudurpaschim,doti,Total(Urban+Rural),Total(Male+Female),182722,129257,1530,51870,65,71.57704053151782
sudurpaschim,doti,Total(Urban+Rural),Male,81848,67860,582,13375,31,83.62085817613136
sudurpaschim,doti,Total(Urban+Rural),Female,100874,61397,948,38495,34,61.80482582231298
sudurpaschim,doti,Rural,Total(Male+Female),122007,85135,1059,35773,40,70.64676616915423
sudurpaschim,doti,Rural,Male,54168,44069,424,9661,14,82.13890119627824
sudurpaschim,doti,Rural,Female,67839,41066,635,26112,26,61.47054054452453
sudurpaschim,doti,Urban,Total(Male+Female),60715,44122,471,16097,25,73.4464300419995
sudurpaschim,doti,Urban,Male,27680,23791,158,3714,17,86.52095375722544
sudurpaschim,doti,Urban,Female,33035,20331,313,12383,8,62.491297109126684
sudurpaschim,achham,Total(Urban+Rural),Total(Male+Female),203771,148014,1311,54316,130,73.28079069151156
sudurpaschim,achham,Total(Urban+Rural),Male,92364,76451,475,15387,51,83.28569572560738
sudurpaschim,achham,Total(Urban+Rural),Female,111407,71563,836,38929,79,64.98604216970209
sudurpaschim,achham,Urban,Total(Male+Female),90209,65213,644,24320,32,73.00491081821104
sudurpaschim,achham,Urban,Male,40753,34184,205,6356,8,84.38397173214241
sudurpaschim,achham,Urban,Female,49456,31029,439,17964,24,63.62827563895179
sudurpaschim,achham,Rural,Total(Male+Female),113562,82801,667,29996,98,73.49993835966256
sudurpaschim,achham,Rural,Male,51611,42267,270,9031,43,82.41847668132762
sudurpaschim,achham,Rural,Female,61951,40534,397,20965,55,66.06995851560103
sudurpaschim,kailali,Total(Urban+Rural),Total(Male+Female),1019147,801453,6662,210622,410,79.29327172625736
sudurpaschim,kailali,Total(Urban+Rural),Male,485951,418120,2286,65356,189,86.51201458583273
sudurpaschim,kailali,Total(Urban+Rural),Female,533196,383333,4376,145266,221,72.71416139655962
sudurpaschim,kailali,Rural,Total(Male+Female),200018,148244,2420,49245,109,75.32522073013429
sudurpaschim,kailali,Rural,Male,94870,77483,810,16519,58,82.52661536839886
sudurpaschim,kailali,Rural,Female,105148,70761,1610,32726,51,68.82774755582606
sudurpaschim,kailali,Urban,Total(Male+Female),449649,345521,2856,101087,185,77.4775435951153
sudurpaschim,kailali,Urban,Male,210183,177991,972,31135,85,85.14627729169342
sudurpaschim,kailali,Urban,Female,239466,167530,1884,69952,100,70.74657780227673
sudurpaschim,kanchanpur,Total(Urban+Rural),Total(Male+Female),472393,376228,2947,93095,123,80.26685408124168
sudurpaschim,kanchanpur,Total(Urban+Rural),Male,218097,191734,1021,25276,66,88.38039954699056
sudurpaschim,kanchanpur,Total(Urban+Rural),Female,254296,184494,1926,67819,57,73.30827067669173
sudurpaschim,kanchanpur,Urban,Total(Male+Female),429345,343117,2552,83576,100,80.51077804562765
sudurpaschim,kanchanpur,Urban,Male,198144,174827,882,22379,56,88.67742651808786
sudurpaschim,kanchanpur,Urban,Female,231201,168290,1670,61197,44,73.51179276906242
sudurpaschim,kanchanpur,Rural,Total(Male+Female),43048,33111,395,9519,23,77.83404571640959
sudurpaschim,kanchanpur,Rural,Male,19953,16907,139,2897,10,85.43076229138475
sudurpaschim,kanchanpur,Rural,Female,23095,16204,256,6622,13,71.27083784368911
